,TEAM_ID,YEARFOUNDED,ABBREVIATION,NICKNAME,CITY,ARENA,ARENACAPACITY,OWNER,GENERALMANAGER,HEADCOACH,DLEAGUEAFFILIATION
0,1610612737,1949,ATL,Hawks,Atlanta,State Farm Arena,18729.0,Tony Ressler,Travis Schlenk,Lloyd Pierce,Erie Bayhawks
1,1610612738,1946,BOS,Celtics,Boston,TD Garden,18624.0,Wyc Grousbeck,Danny Ainge,Brad Stevens,Maine Red Claws
2,1610612740,2002,NOP,Pelicans,New Orleans,Smoothie King Center,,Tom Benson,Trajan Langdon,Alvin Gentry,No Affiliate
3,1610612741,1966,CHI,Bulls,Chicago,United Center,21711.0,Jerry Reinsdorf,Gar Forman,Jim Boylen,Windy City Bulls
4,1610612742,1980,DAL,Mavericks,Dallas,American Airlines Center,19200.0,Mark Cuban,Donnie Nelson,Rick Carlisle,Texas Legends
5,1610612743,1976,DEN,Nuggets,Denver,Pepsi Center,19099.0,Stan Kroenke,Tim Connelly,Michael Malone,No Affiliate
6,1610612745,1967,HOU,Rockets,Houston,Toyota Center,18104.0,Tilman Fertitta,Daryl Morey,Mike D'Antoni,Rio Grande Valley Vipers
7,1610612746,1970,LAC,Clippers,Los Angeles,Staples Center,19060.0,Steve Ballmer,Michael Winger,Doc Rivers,Agua Caliente Clippers of Ontario
8,1610612747,1948,LAL,Lakers,Los Angeles,Staples Center,19060.0,Jerry Buss Family Trust,Rob Pelinka,Frank Vogel,South Bay Lakers
9,1610612748,1988,MIA,Heat,Miami,AmericanAirlines Arena,19600.0,Micky Arison,Pat Riley,Erik Spoelstra,Sioux Falls Skyforce
10,1610612749,1968,MIL,Bucks,Milwaukee,Fiserv Forum,17500.0,Wesley Edens & Marc Lasry,Jon Horst,Mike Budenholzer,Wisconsin Herd
11,1610612750,1989,MIN,Timberwolves,Minnesota,Target Center,19356.0,Glen Taylor,Scott Layden,Ryan Saunders,Iowa Wolves
12,1610612751,1976,BKN,Nets,Brooklyn,Barclays Center,,Joe Tsai,Sean Marks,Kenny Atkinson,Long Island Nets
13,1610612752,1946,NYK,Knicks,New York,Madison Square Garden,19763.0,Cablevision (James Dolan),Steve Mills,David Fizdale,Westchester Knicks
14,1610612753,1989,ORL,Magic,Orlando,Amway Center,0.0,Rick DeVos,John Hammond,Steve Clifford,Lakeland Magic
15,1610612754,1976,IND,Pacers,Indiana,Bankers Life Fieldhouse,18345.0,Herb Simon,Kevin Pritchard,Nate McMillan,Fort Wayne Mad Ants
16,1610612755,1949,PHI,76ers,Philadelphia,Wells Fargo Center,,Joshua Harris,Elton Brand,Brett Brown,Delaware Blue Coats
17,1610612756,1968,PHX,Suns,Phoenix,Talking Stick Resort Arena,,Robert Sarver,James Jones,Monty Williams,Northern Arizona Suns
18,1610612757,1970,POR,Trail Blazers,Portland,Moda Center,19980.0,Paul Allen,Neil Olshey,Terry Stotts,No Affiliate
19,1610612758,1948,SAC,Kings,Sacramento,Golden 1 Center,17500.0,Vivek Ranadive,Vlade Divac,Luke Walton,Stockton Kings
20,1610612759,1976,SAS,Spurs,San Antonio,AT&T Center,18694.0,Peter Holt,Brian Wright,Gregg Popovich,Austin Spurs
21,1610612760,1967,OKC,Thunder,Oklahoma City,Chesapeake Energy Arena,19163.0,Clay Bennett,Sam Presti,Billy Donovan,Oklahoma City Blue
22,1610612761,1995,TOR,Raptors,Toronto,Scotiabank Arena,19800.0,Maple Leaf Sports and Entertainment,Masai Ujiri,Nick Nurse,Raptors 905
23,1610612762,1974,UTA,Jazz,Utah,Vivint Smart Home Arena,20148.0,Greg Miller,Dennis Lindsey,Quin Snyder,Salt Lake City Stars
24,1610612763,1995,MEM,Grizzlies,Memphis,FedExForum,18119.0,Robert Pera,Zach Kleiman,Taylor Jenkins,Memphis Hustle
25,1610612764,1961,WAS,Wizards,Washington,Capital One Arena,20647.0,Ted Leonsis,Tommy Sheppard,Scott Brooks,Capital City Go-Go
26,1610612765,1948,DET,Pistons,Detroit,Little Caesars Arena,21000.0,Tom Gores,Ed Stefanski,Dwane Casey,Grand Rapids Drive
27,1610612766,1988,CHA,Hornets,Charlotte,Spectrum Center,19026.0,Michael Jordan,Mitch Kupchak,James Borrego,Greensboro Swarm
28,1610612739,1970,CLE,Cavaliers,Cleveland,Quicken Loans Arena,20562.0,Dan Gilbert,Koby Altman,John Beilein,Canton Charge
29,1610612744,1946,GSW,Warriors,Golden State,Chase Center,19596.0,Joe Lacob,Bob Myers,Steve Kerr,Santa Cruz Warriors
